text,dataset,label
"I make it a point to never make the first move.""

""You don't need to,"" he said, leaning in. ""I'll make the first move for you.""

He captured her mouth with his as his arms wrapped around her and pulled her close. His kiss was hard and insistent as his tongue explored her mouth. He broke the kiss and stared down at her.

""I want you,"" he said.

It wasn't a question.  Chapter 15  ""I'm going to take you back to my office and have my way with you,"" he said.

""No,"" she said, pushing him away.

""No?"" he said. ""Why not?""

""I'm not going to let you take advantage of me,"" she said. ""You're my boss.""

""I don't care,"" he said. ""I want you. You want me. Why don't we just give in to what we both want?""

""It's not that simple,"" she said. ""If we do this, it will change things. I don't want things to change between us. I like working for you. I like the way things are.""

""I like working for you too,"" he said. ""But that doesn't mean I'm going to stop wanting you. I'm not going to let you push me away.""

""I don't want to be pushy,"" she said. ""But I don't want this either. We can't just let things happen. We have to make a decision. And I don't think it's a good idea to make a decision like this while we're still working together.""

He stared at her for a long time. She could see the indecision in his eyes.

""Fine,"" he said. ""But we're not going to do anything more than this. We're going to keep things professional between us.""

""I don't want that either,"" she said. ""But I'll try to make it work. Just don't expect anything more from me.""

""I won't,"" he said. ""I promise.""

But she could see the disappointment in his eyes. She knew that he wanted more from her. But she couldn't let herself go that far. Not yet. Not when things were still so new between them.

She wasn't sure what the future held for them, but",gpt-3,ai-generated
"By Mark Dow The opinions expressed are his own.

The euro zone‚Äôs debt crisis is now entering a new and dangerous phase. Amid a widening rift between the bloc‚Äôs core and periphery, Greece‚Äôs woes are prompting a withdrawal of capital from other vulnerable economies and raising the risk of a wider European banking crisis.

Greece‚Äôs fiscal problems are not isolated. Ireland and Portugal have already accepted bailouts, and Italy, Spain and Belgium are in danger of following suit. Last week, German Chancellor Angela Merkel acknowledged that the euro zone is ‚Äúin the biggest test of its existence.‚Äù

Markets are now expecting a Greek default. The yield on 10-year Greek government bonds jumped to a new euro-era high of 21.1 percent on Tuesday, and the cost of insuring Greek debt against default has risen to a record. The euro‚Äôs recent decline against the dollar has added to the pressure on European equities and has put further downward pressure on the euro‚Äôs value against other currencies.

Investors are increasingly concerned that Europe‚Äôs debt crisis will spread beyond Greece. Last week, stock markets around the world tumbled on concerns that a Greek default would lead to a domino effect, triggering a banking crisis in Portugal, Italy, Spain and Belgium.

The recent wave of market turmoil has highlighted the fragility of the euro zone‚Äôs banking system. Euro zone banks are estimated to have exposure of ‚Ç¨1.1 trillion to the debt of Greece, Ireland, Portugal and Italy, a sum that is more than three times the bloc‚Äôs total banking assets.

If a banking crisis were to erupt in any of these countries, it would have a devastating impact on the euro zone‚Äôs economy.

The European Central Bank (ECB) is trying to avert a banking crisis by providing liquidity to the euro zone‚Äôs banks. But this measure is not a panacea. If banks are unable to access ECB funds, they will become insolvent, and the ECB‚Äôs ability to prevent a banking crisis will be compromised.

The ECB‚Äôs decision to provide liquidity to the euro zone‚Äôs banks has also led to a sharp increase in the price of government bonds. This is because the ECB is buying government bonds from the markets, thereby pushing down the interest rates on these bonds and increasing the value of these assets in the market.

This policy has had the",gpt-3,ai-generated
"Less than a tenth of companies that have been served with a notice to attend a tax enquiry have challenged the decision, the latest figures reveal.

The figures, published by HMRC, show that between April and June 2018, only 6% of businesses who received a section 20A notice from HMRC challenged the decision.

A section 20A notice, also known as a notice of enquiry, is a formal notice that informs a business that HMRC will be investigating a specific part of their tax affairs.

The figures also reveal that the average amount of tax under enquiry is ¬£377,000, with the overall value of enquiries in the first quarter of 2018-19 totaling ¬£9.9bn.

HMRC‚Äôs latest figures show that the average amount of tax under enquiry is ¬£377,000.

In response to the figures, Mark Giddens, head of tax at UHY Hacker Young, said: ‚ÄúWe‚Äôre seeing a remarkable shift in the relationship between HMRC and companies.

‚ÄúHMRC is increasingly aggressive about pursuing enquiries and using its powers.

‚ÄúThe tax authority is also less and less likely to listen to companies‚Äô explanations about why an enquiry is unfounded.

‚ÄúThis leaves businesses with few options but to contest an enquiry if they believe it is unjustified.‚Äù

The figures come as HMRC publishes its annual report, which shows that the value of tax collected rose by 2.8% in the year to March 2019, totalling ¬£9.9bn.

HMRC has said that the growth is down to its ‚Äúvigilant‚Äù approach to tackling tax evasion and aggressive tax planning.

Commenting on the figures, HMRC chairman David Gauke said: ‚ÄúThe more we can get right, the more money we can bring in for the taxpayer.

‚ÄúWe are relentless in our pursuit of those who try to dodge their tax obligations, and our measures are working ‚Äì we‚Äôve brought in more tax than ever before.‚Äù

HMRC has previously said that it will use a ‚Äú graduated response ‚Äù to tackle tax avoidance, with companies that are found to be engaging in aggressive tax planning facing harsher penalties.

Under the graduated response, companies that are found to be avoiding tax could face a fine, a criminal prosecution, or both.

In April, HMRC announced that it",gpt-3,ai-generated
"One of Obamacare's biggest selling points was that it would bring down the cost of health insurance.

""If you like your health care plan, you will be able to keep your health care plan, period,"" Obama promised. ""No one will take it away, no matter what.""

Not everyone is keeping their plan, as a new report from the American Academy of Actuaries finds that, ""in the short run at least, health insurance coverage will become more expensive for some people.""

According to the report, some customers are already seeing their premiums skyrocket by as much as 100 percent.

""While some consumers will receive subsidies to help them pay the higher premiums, others will feel the full brunt of the increases,"" the report notes. ""The subsidies, while substantial, are not large enough to cover all of the additional costs, and some people will find the net premium unaffordable, despite the subsidies.""

Some consumers will pay more for their insurance and also be forced to purchase plans with more benefits than they need or want, something that was possible before Obamacare.

The report notes that some Americans will be able to afford their insurance, but will be forced to switch to a plan they don't want.

""In addition, many people who are able to purchase coverage on the individual market will find that the plans available to them have increased premiums and fewer benefits,"" the report says. ""This reflects market forces in the marketplace, and it is not due to any actions taken by the Obama Administration.""

The report also finds that, ""over the long run, the net effect of the Affordable Care Act on the cost of health insurance will be positive.""

That's not what the people who voted for Obamacare are hearing.

The report found that, ""increasingly, people are finding it more difficult to afford the coverage they have.""

This is exactly what Obamacare was supposed to prevent.

Obama was promising that people would be able to keep their insurance, but that's not what's happening.

The Affordable Care Act is causing premiums to skyrocket and forcing people to buy plans they don't want.

This is not what Obama promised.

 Obamacare is a disaster. Get it repealed. 
Source:

https://www.weeklystandard.com/blogs/obama-promised-we-would-be-able-keep-our-health-care-plan-period-now-american-academy-",gpt-3,ai-generated
"Mar 11, 2018 - Whooping cough is a respiratory infection caused by Bordetella pertussis, a type of bacteria. It's a highly contagious disease that can cause severe coughing fits. 
How long does it take for whooping cough to go away in adults?

Whooping cough starts like a cold, with a runny nose, sneezing, and a mild cough that may last for one to two weeks. The cough then becomes worse. Coughing fits occur one after another and end with a whooping sound when you take a deep breath. The fits may last for 10 to 20 weeks, and sometimes even for longer. 
How long is whooping cough contagious?

It‚Äôs highly contagious, and it can spread from person to person through coughing or sneezing. Whooping cough is most contagious in the first two weeks after symptoms start, and it can be spread to other people until three weeks after the cough begins. 
How long does whooping cough last in adults over 60?

Symptoms usually last for two to three weeks, but may persist for four to six. There may be periods of coughing separated by breathing pauses. 
What is the incubation period for whooping cough?

The incubation period is the time it takes for the infection to develop. It can take up to two weeks for whooping cough to develop. 
Can you catch whooping cough from a pregnant woman?

Yes, you can catch whooping cough from a pregnant woman. Whooping cough can be passed from an infected pregnant woman to her baby. Babies who get whooping cough may have long-term health problems, including pneumonia and seizures. 
Can you catch whooping cough from a baby?

Yes, you can catch whooping cough from a baby. Whooping cough can be passed from an infected baby to an adult. Babies who get whooping cough may have long-term health problems, including pneumonia and seizures. 
Can you catch whooping cough from an animal?

No, you cannot catch whooping cough from an animal. Whooping cough is caused by a type of bacteria, and animals do not carry bacteria. 
What should you do if you think you might have whooping cough?

If you think you might have whooping cough, see your doctor. Whooping cough can be serious, and early treatment is important. Your doctor may give you",gpt-3,ai-generated
"Charlie Barsotti, one of the great cartoonists of our time, passed away a week ago. When I was in high school, his work was in the New Yorker almost every week. I used to love to see that little man with his big hat walking the streets. I‚Äôve always admired Barsotti‚Äôs work. He was a true master of the art of cartooning.

Here‚Äôs a nice tribute to Barsotti from the New Yorker:

http://www.newyorker.com/humor/daily-shouts/remembering-charles-barsotti

Advertisements

Share this: Reddit

Twitter

Facebook

Google

Like this: Like Loading... Related

Filed under: art, cartoonists, death, remembrances | Tagged: barotti, charles, cartoons, daily shouts, new yorker, new Yorker, tribute | Leave a comment ¬ª

Comments RSS TrackBack Identifier URI URI http://www.bloggingwithmonica.com/trackback/ping/764663 Blog URL http://www.bloggingwithmonica.com/ Date Posted 2009-12-08 12:39:00

You can leave a response , or trackback from your own site.

Leave a Response

You must be logged in to post a comment. Click here to log in.

TrackBack URL http://www.bloggingwithmonica.com/ping/764663 TrackBack URI http://www.bloggingwithmonica.com/trackback/ping/764664 Blog URL http://www.bloggingwithmonica.com/ Date Posted 2009-12-08 13:11:14

Leave a Reply

You must be logged in to post a comment. Click here to log in.

Your email address will not be published. Required fields are marked with an *

Comments RSS TrackBack Identifier URI http://www.bloggingwithmonica.com/trackback/ping/764664 Blog URL http://www.bloggingwithmonica.com/ Date Posted 2009-12-08 13:12:42

You can leave a response , or trackback from your own site.

Leave a Response

You must be logged in to post a comment. Click here to log in.

TrackBack URL http://www.bloggingwithmonica",gpt-3,ai-generated
"1 Make sure that your suit is clean, pressed and wrinkle-free.

2 Make sure that your shoes are clean and polished.

3 Make sure that your hair is trimmed and neat.

4 Make sure that your facial hair is trimmed and neat.

5 Make sure that your nails are clean and trimmed.

6 Make sure that your clothing fits properly.

7 Make sure that you are well-groomed. This will make you look more confident and improve your chances of getting a job.

8 Smile! This will help you look more friendly and approachable.

9 Be sure to carry a resume and a business card. These will help you network and get your name out there.

10 Be polite and professional when you approach someone. This will show that you are serious about finding a job and that you are willing to take the necessary steps to achieve your goals. Thank people for their time and offer to buy them a drink or dessert. You never know, they may just be the person you need to talk to about a potential job opportunity!

11 Use online resources to find job postings and connect with companies and professionals who are hiring.

12 Attend job fairs and networking events to meet people and learn about potential job opportunities.

13 Send out resumes and create a strong online presence.

14 Go through job postings and look for opportunities that match your skills and interests.

15 Follow up with companies and professionals who have interviewed you to see if they have any recommendations or leads for you.

16 Apply for jobs that you are interested in and that match your skills and qualifications.

17 Take online and live skills assessments to determine which positions might be a good fit for you.

18 Attend career fairs and meet with employers in person.

19 Network with people who work in the industry that you are interested in.

20 Attend job search workshops and job search bootcamps.

21 Take the time to research different job opportunities and find the best fit for you.

22 Be persistent and keep up the good work. The job market is always changing, so keep your resume updated and your skills up to date.

23 stay positive and stay focused. Don't let any negative thoughts about the job market discourage you from continuing to search.

24 Remember that there are many opportunities out there and that you will find the right job if you are creative and persistent. Good luck!",gpt-3,ai-generated
"Uber Technologies Inc. has agreed to settle a lawsuit with one of its major investors for $148 million after the two clashed over money-losing bets on an electric-scooter startup.

The settlement with early investor Benchmark Capital was announced quietly on Friday, with a court filing that said the deal would ‚Äúresolve all outstanding claims‚Äù between the two sides.

The... read more

15 October 2018 in Business, Views: 44 in

by Alex Macpherson

Uber Technologies Inc. has agreed to settle a lawsuit with one of its major investors for $148 million after the two clashed over money-losing bets on an electric-scooter startup.

The settlement with early investor Benchmark Capital was announced quietly on Friday, with a court filing that said the deal would ‚Äúresolve all outstanding claims‚Äù between the two sides.

Benchmark Capital had invested $258 million in Uber in 2013 and was one of the earliest investors in the ride-hailing company. But the two clashed over the company‚Äôs investment in electric-scooter startup Lime, with Benchmark Capital urging Uber to sell its stake and focus on its core business.

Uber‚Äôs shares fell by as much as 80% after the company announced its decision to sell its stake in Lime in December 2017. The company later said the decision to sell its stake was made in the face of mounting losses and declining ridership.

The settlement will see Benchmark Capital receive $148 million in cash and shares worth about $48 million. The remaining $112 million will be paid out in a series of payments over the next three years.

The settlement comes as Uber continues to face a number of legal challenges. Last month, the company agreed to pay $148 million to settle charges of sexual harassment and gender discrimination at its workforce. And in June, the company agreed to pay $245 million to end a lawsuit accusing it of stealing trade secrets from Google.

The company has also been hit by a string of scandals over the past few months, including the revelation that its former CEO, Travis Kalanick, had been using an app that allowed drivers to track the location of their passengers. Kalanick was forced to step down from his role in June.

This article was originally published on The Guardian.

read more

15 October 2018 in Business, Views: 44 in

by Alex Macpherson

Uber Technologies Inc. has agreed to",gpt-3,ai-generated
"Welcome to Julie's Diary! Every week, I'll be sharing my thoughts, feelings, and experiences with you.

This week has been a tough one. I'm really struggling with my mental health. I'm feeling really down and anxious. I'm trying to stay positive, but it's hard. I'm hoping that next week will be better.

I'm really looking forward to my trip to Spain. I'm really excited about it. I'm going to be spending a week in Barcelona, and then a week in Madrid. I'm really looking forward to seeing all of the beautiful architecture and sights.

I also have a lot of work to do this week. I need to finish up a project I started a few weeks ago, and I need to start another project that I've been procrastinating on. I'm hoping that I can get everything done this week.

Overall, I'm feeling pretty down. I just hope that next week will be better. I'll keep you updated on my progress. Thanks for reading!

-Julie

Feel free to share your thoughts and experiences in the comments below! I would love to hear from you.

Do you have any advice for dealing with mental health issues?

Please share this post if you enjoyed it!

And if you need any help, please don't hesitate to reach out to a professional. There are many resources available to you. You can find a list of resources here.

Take care!

-Julie

P.S. If you're struggling with your mental health, please don't hesitate to reach out for help. There are many resources available to you. You can find a list of resources here. You can also reach out to me, or any of the other contributors on this blog, for support. We would be happy to listen and offer our assistance.

If you or someone you know is in need of crisis support, please dial 1-800-273-8255. This is a national hotline operated by the National Suicide Prevention Lifeline. You can also text HOME to 741741 to receive a free, 24/7 crisis response text line from the Crisis Text Line.

And if you or someone you know is in need of prevention services, please click here to find a list of resources in your area. These services can help you identify and address Warning Signs of Mental Illness, get connected to community resources, and receive help accessing treatment.
",gpt-3,ai-generated
"Published on 20-04-2015 15:52 This article was viewed 1617 times.

Votes : 1 Rate this article : 1 2 3 4 5 6 7 8 9 10 
This is a very informative article. I would like to know if you have any suggestions on how to get my dog to stop jumping on people.

- A customer from Bakersfield, CA 
There are a few things you can do to try and get your dog to stop jumping on people. First, try to train them using positive reinforcement. This means providing them with treats or petting when they are behaving in a way you want them to. Another thing you can do is try to create a barrier between your dog and people. This could be by installing a fence or by placing furniture between your dog and people. Finally, make sure you keep your dog supervised when they are around people. This way, if they do start to jump on people, you can quickly stop the behavior. Good luck!

There are a few things you can do to try and get your dog to stop jumping on people. First, try to train them using positive reinforcement. This means providing them with treats or petting when they are behaving in a way you want them to. Another thing you can do is try to create a barrier between your dog and people. This could be by installing a fence or by placing furniture between your dog and people. Finally, make sure you keep your dog supervised when they are around people. This way, if they do start to jump on people, you can quickly stop the behavior. Good luck!

There are a few things you can do to try and get your dog to stop jumping on people. First, try to train them using positive reinforcement. This means providing them with treats or petting when they are behaving in a way you want them to. Another thing you can do is try to create a barrier between your dog and people. This could be by installing a fence or by placing furniture between your dog and people. Finally, make sure you keep your dog supervised when they are around people. This way, if they do start to jump on people, you can quickly stop the behavior. Good luck!

There are a few things you can do to try and get your dog to stop jumping on people. First, try to train them using positive reinforcement. This means providing them with treats or petting when they are behaving in a way you want them to. Another thing you can do",gpt-3,ai-generated
"The Ketchikan School Board discussed Wednesday about transgender policies for student athletes, and how such policies need to be uniform for state competitions.

Superintendent Robert Boyle gave an overview of the Alaska School Activities Association‚Äôs policy on transgender athletes:

‚ÄúWhatever each school district has as their individual policies is allowable,‚Äù he said. ‚ÄúIf a school district has no policy, then the policy is their birth certificate governs the sport that they should play in.‚Äù

Ketchikan‚Äôs policy on transgender students is inclusive, Boyle said, but other school districts are more restrictive. Because of that, he says, the ASAA policy is problematic.

‚ÄúThere are already multiple district policies, district approaches to this issue,‚Äù he said. ‚ÄúAnd that means that it very clearly will have districts in conflict with each other.‚Äù

Boyle asked the School Board for direction. He suggested that the district encourage ASAA to adjust its policy.

The board agreed with Boyle‚Äôs assessment of the problem.

‚ÄúI think it‚Äôs a really weak move on behalf of ASAA,‚Äù board member Misty Archibald said. ‚ÄúI think it‚Äôs a sticky situation that they don‚Äôt really want to take a position on. Their job is to regulate activity so that there‚Äôs consistency statewide. It‚Äôs not going to work the way they‚Äôre doling this out. It‚Äôs not going to work across all the different communities in our state.‚Äù

The board directed Boyle to contact the Association of Alaska School Boards to discuss the issue.

Also Wednesday, the School Board voted to accept the resignation of Board President Michelle O‚ÄôBrien, approved board goals for the coming school year and approved the purchase of $80,000 worth of Chromebook laptops for Schoenbar Middle School students.

The next Ketchikan School Board meeting is Aug. 24, which also is the first day of school for the fiscal year 2017 school year.",human,human-written
"How to watch Netflix on DStv?

With the new DStv Explora Ultra, subscribers get streaming apps Showmax and Netflix already installed.

The new DStv Explora Ultra allows users to watch Netflix on their TV, making it easier for existing Netflix subscriber or not. It‚Äôs the first set-top box in South Africa to allow DStv subscribers to log into Netflix, as well as other streaming apps, including Showmax, Prime Video, and also to allow new Netflix subscribers to sign up, sign into and cancel their Netflix subscription through the decoder.

What to Watch

How to Access Netflix on DStv?

Netflix is a streaming app that you‚Äôll find in the Apps menu on the new DStv Explora Ultra. It‚Äôs not a channel on the DStv package as Netflix is one company, with its own catalogue of shows and movies, and DStv is another, separate company.

The partnership between DStv and Netflix has allowed the Netflix app a space on the decoder. This allows DStv subscribers get seamless access to all the shows and movies on Netflix directly from their decoder.

How do I sign into my Netflix account on my Explora Ultra decoder?

If you are an existing Netflix subscriber with an Explora Ultra, the process is quite easy.

All you need to do is hit the APPS button on your Explora Ultra remote, and then sign into Netflix. The same goes for Showmax, which is also accessible through the APPS button on the remote.

How do I sign up for Netflix on my Explora Ultra decoder?

Using the white APPS button on the remote, you go to Netflix and select ‚Äúsign up‚Äù. Once you‚Äôve done this, your Netflix bill will automatically be added to your DStv bill, so you don‚Äôt have to make two separate payments.

The existing payment method you use to pay for DStv will be used for paying for Netflix.

How do I add my Netflix bill to my DStv bill?

If you are already a Netflix subscriber, and sign into Netflix on the DStv Explora Ultra, you won‚Äôt be able to add Netflix to your DStv account. You will continue being billed for Netflix as you did before you signed into Netflix on your decoder.

The only way to have Netflix added to your DStv bill is to sign up for Netflix as a new user through the Explora Ultra. New users who sign up to Netflix through the DStv Explora Ultra (hit the APPS button on your remote and follow the sign-up instructions) will automatically have their Netflix bill added to their DStv bill.

But if you have a Netflix account that has lapsed and is not currently active, you can reactivate it on the Explora Ultra by selecting ‚ÄúJoin now‚Äù on the APPS menu (again, hit that handy APPS button on the remote). Enter your existing log-in details and your account will be reactivated, with the bill automatically added to your Explora Ultra remote.

If I sign up to Netflix on the Explora Ultra, can I only watch Netflix on my TV?

No, when you sign up to Netflix on the Explora Ultra, you get the same access to Netflix that you‚Äôd get if you signed up on the Netflix website. You will also be able to stream Netflix on a smartphone, tablet or your web browser. The Explora Ultra is just a device on which to stream Netflix like any other device

How much does it cost to watch Netflix on DStv?

It costs the same as what you‚Äôd pay for a Netflix subscription if you signed up through the Netflix website. The price of Netflix will be added to your monthly DStv bill. There‚Äôs no extra fee for Netflix when you sign up on your Explora.

Do I need the internet to watch Netflix on DStv?

Yes. Netflix is a streaming video service, which means that to watch, you‚Äôll need access to the internet. The Explora Ultra offers built-in WiFi, which means it‚Äôs very easy to connect to the internet in your home.

You will ideally want an uncapped connection because of the volume of data consumed when streaming. The recommended speeds of the connection for streaming video are as follows:

A minimum 2Mbps is recommended for SD (Standard Definition) downloads

For SD streaming, a minimum of 4Mbps

For HD (High Definition) streaming, a minimum of 10Mbps (plus connection to an HD capable TV)

For 4K streaming, which Netflix offers, we recommend checking the Netflix website for guidelines (Need a 4K-capable TV)

Also you will also be able to stream shows and movies on streaming service Showmax as well as Catch Up shows on DStv with your Explora Ultra decoder.

Happy viewing everyone",human,human-written
"On Tuesday morning, the Cleveland Browns cleaned house. Again. General manager Michael Lombardi -- gone. CEO Joe Banner -- on his way out. It seemed stunning, even by Browns standards.

Who gives the brass the boot in early February after a coaching search? And why does this seem like an annual tradition?

If you listened closely, wherever you were in this great country, you heard the media and fans cackling in unison. It was like Jimmy Haslam's press conference was a sitcom filmed in front of a live studio audience, or a Chris Rock comedy special.

The Browns were mocked as clowns, a mess of an organization. Cleveland changing coaches and executives like you change your socks. Everyone was having a grand old time yukking it up.

Laugh now, but the joke will be on you later.

Haslam saw a problem. He fixed it. The Browns are much better off. Seriously.

Haslam is an easy target: He buys the team, makes sweeping changes, oddly structures the front office, unsuccessfully targets big-name coaches before settling on Rob Chudzinski, fires Chud less than 365 days later, struggles to find a coach who wants the gig, hires Mike Pettine to coach the team despite Banner's dreams of Dan Quinn, then gets rid of Banner and Lombardi.

Whew. I need a rest after re-reading that.

Such rapid and unrelenting change can signal the lack of a plan or vision -- and maybe that's the case here. Or maybe Jimmy Haslam just hit a home run.

The Lombardi and Banner dynamic wasn't working. TheMMQB.com's Peter King and The Plain Dealer's Mary Kay Cabot have provided some excellent reporting on Cleveland's issues over the past few days, including King's detailing of Greg Schiano's interview with the Browns, which revealed dysfunction and disconnect at the top.

One coaching agent told me on Tuesday, ""Jimmy (Haslam) had one idea. Mike had another. Joe another one. That leads to confusion and chaos. That's what happened with the coaching search in both of the last two years. That's the turn-off."" Or as one rival executive explained to me, ""Mike is a great football guy, but he couldn't get many things he wanted past Joe. It just didn't work. Now, with Ray (Farmer), they are back in business.""

Oh, yes, they are.

Farmer is a highly respected personnel man in the NFL. Well before this promotion, it was clear that he was on the fast track to becoming a general manager somewhere. He's detail-oriented and intelligent, and he will get things done. Haslam said Farmer will have full control of the 53-man roster. That's a big deal. Lombardi, the prior GM, did not enjoy this luxury. Farmer recently had the chance to become the Miami Dolphins' general manager, but he passed to stay in Cleveland. While folks laugh at the Browns, that says something.

Cleveland won four games in 2013. But with the regime changes, a whole bunch of cap space and a ton of talent already on the roster, I think the Browns are in prime position to double their win total in 2014. Again, seriously.

Pettine might not have been the team's first choice, but he's an excellent one. He was a superb assistant at his first two NFL stops (Baltimore Ravens and New York Jets), and he immediately turned around the Buffalo Bills' defense as their coordinator last year. Pettine brings a much-needed blend of savvy, swagger and sensibility to Cleveland's head-coaching position.

I talked to Pettine two weeks ago on my SiriusXM Radio show, ""Schein on Sports,"" and he raved about the Browns' talent on defense. ""We are going to have an attacking-style defense that Cleveland fans will be proud of,"" he said. Given Pettine's history, the Browns' strong pass rushers and Joe Haden's emergence as one of the NFL's best corners, it seems Cleveland's defense is indeed going to rock.

I also loved the choice of Kyle Shanahan for the offensive coordinator position. Executives rave about the young coach's shrewdness in the X's-and-O's sense. And with the impending passing of the Brandon Weeden era, Shanahan will have the opportunity to help define a fresh approach at the quarterback position. Talking to Pettine, it's clear there is no question the Browns will bring in a new QB or two. How great would Kirk Cousins look in a Cleveland uniform, reuniting with Shanahan? Even better, how great would Johnny Manziel look running Shanahan's offense? Say what you want about Mr. Football, but he, along with Pettine and Shanahan, would give the Browns the right attitude and mentality going into Baltimore, Pittsburgh and Cincinnati.

The Browns have two first-round picks and 10 overall in an incredibly deep draft. They have options.

Debate: Most enticing free agent WR? Many notable receivers -- like Jeremy Maclin -- are hitting the open market. Who's the best option? Our analysts debate.

Many notable receivers -- like-- are hitting the open market. Who's the best option? Our analysts debate. READ

And with all that cap room, they can make a splash in free agency, too. How about signing Ben Tate to play running back? That'd fill a gaping hole. And check the list of receivers hitting the open market -- some enticing options there. Do you think Eric Decker or Hakeem Nicks would look good alongside Josh Gordon and Jordan Cameron?

Laughing is healthy. I encourage it. But stop chuckling at Cleveland. Get past the bevy of changes. Look at the result of the perceived insanity.

It's easy to compare this to George Steinbrenner's New York Yankees of the 1980s. But maybe the better comparison is to what happened in the winter of 1995, when ""The Boss"" hired Bob Watson and some guy named Joe Torre. Remember when the back page of the New York Daily News screamed ""Clueless Joe""?

The Browns are actually moving in the right direction. Get past the laughter and think about it.

Follow Adam Schein on Twitter @AdamSchein.",human,human-written
"Founded in 2014 by futurist and philosopher Zoltan Istvan, the Transhumanist Party is an American non-profit political organization, which advocates the use of non-discriminatory implementations of science and technology to solve a majority of the world‚Äôs problems. Despite being in its early stages, the Transhumanist party has been incredibly inspirational for millions of people who are seeking modern, progressive solutions to the challenges we face as a species.

The current leader of the Transhumanist Party, Zoltan Istvan, is running for US president in 2016. At the heart of Zoltan‚Äôs platform is a focus on the use of science and technology in the pursuit of immortality. He also promotes free education for all, an end to US military actions abroad, and the implementation of a Universal Basic Income (UBI).

Zoltan‚Äôs campaign platform can found here.

Zoltan was kind enough to answer a few questions for Basic Income News, specifically regarding his support for a UBI.

Dawn Howard: You have made UBI part of your 2016 presidential election platform. Can you tell us who you are thinking about appointing as your chief economics advisor? Does he or she have experience designing or implementing UBI pilots?

Zoltan Istvan: A UBI Plan is a huge part of my campaign. As someone who contemplates technology all day long, I am sure that robots are going to take many if not nearly all jobs in the next 10 to 35 years. So we need a way to transition society to being able to happily live in an age where there are no jobs. UBI is the perfect vehicle.

While I have advisors helping me sort out the basics of implementing a basic income, I can‚Äôt reveal who might fill the role of implementing that program. But we would draw on experts that have already had some experience in their own nations of doing so.

DH: Several countries including Canada, India and most recently Finland have already tested or are in the process of testing basic income for a small portion of their population. How do you feel about this type of research, and do you think it could work in the US?

ZI: One of the best things to happen to the world in the last few years is having smaller populated nations test out a UBI. It gives the larger nations the evidence they need to confidently implement their own plans one day, and it offers a road map to follow.

DH: Many in the UBI community speak of a ‚Äútransition‚Äù in terms of the timeline between passing legislation and full implementation. In as little or as much detail as you wish, can you tell us what you think this transition would look like?

ZI: I think the transition would probably take five to six years to fulfill from the point legislation passed to everyone having a basic income. While I support a quick transition, we also must be careful not to disturb our national economy too much as this historic process takes place. It would be better to do it slowly, but correctly, rather than force it and lead to a recession, or worse. Capitalism is changing due to technology, and may not even survive 30 years into the future. We must be able to change with it and help the needs of every single citizen out there. But we must also not be hasty.

For more information about Zoltan‚Äôs presidential campaign, visit his web site here.

Photo: Zoltan Istvan, leader of the Transhumanist Party and US presidential candidate. Credit: Business Insider.",human,human-written
"Illustrations by George Heaven

I remember the moment I figured it might be time to quit watching porn. Half of my Facebook friends were sharing this story, which links out to a bunch of tests that tell you whether the amount of jerking off at a screen you're doing is healthy. The lead image is an empty black leather couch in the middle of a room, facing a dark shiny desk. Sound familiar? If not, good for you. It rang some bells for me.

That couch is the first shot of many a porno. Generally, these videos tend to involve a woman walking in and sitting on the sofa, a seedy guy with a ponytail and big hands pretending to cast her for some photo shoot, her undressing, and the two of them eventually fucking over the desk. The article warned that if you immediately associated that black couch with porn you might have a problem.

I knew I had a problem.

Thing is, my problem wasn't that I was watching porn every day; it's that even if I wanted to I couldn't use my own brain to summon up fantasies. The internet was always right there, the sirens of PornHub singing their sweet song 24/7, lulling me in with their ballads of anal beads, BDSM, and bukkake. So why bother doing all the work myself?

At New Year's Eve, talking about resolutions, my friend Matteo said, ""You know what? I'm going to stop watching porn for a while. I need to detox."" He then told me that Milan‚Äîthe city where we both live‚Äîhas one of the highest per capita rates of porn consumption in Europe. The thought that I was contributing to this number‚Äîto this faceless army of fervent masturbators‚Äîwas a uniquely depressing one.

""I'm going to stop, too,"" I said, with all the right intentions. The next day I watched some porn. However, when February rolled around I decided to start my mission in earnest.

I'd been watching porn on a very regular basis, clicking on RedTube or YouPorn or Tube8 most nights before going to sleep, or sometimes during the day if I was bored and felt like giving my wrist a bit of a workout. With that in mind, I assumed it would be hard to just cut myself off cold turkey, but for the first few days it was actually surprisingly easy. The closest thing I can equate it to is quitting smoking; not lighting up becomes a point of honor, a personal challenge, a battle you need to win in order to continue thinking of yourself as a decent human being.

This feeling‚Äîfor the first couple of days, at least‚Äîwas more pleasurable than the craving I'd decided to forego. I masturbated as I'd always done, and the novelty of using my mind again was exciting. I fantasized about ex-girlfriends and lovers and the things I'd always wanted to do but had been too shy to suggest. None of this was completely new, of course, but I'd never done it in such a systematic way. Now, every time I wanted to jerk off, I had to create a video of my own: concentrate, add details, flesh it out, give it a chronological order.

Feeling slightly self-righteous, I started to believe that the no-porn month laying ahead of me wasn't going to be so hard after all.

Turns out this confidence was premature.

The first‚Äîand most troubling‚Äîproblem was my imagination. My fantasies quickly became repetitive: the same scenes, same places, same people, same bodies, same sex. I was unable to stretch my inventiveness any further than it had already been stretched. Each time I tried to expand on what I had, I fell back on what I already knew, like an old married couple going through the motions: lights off, missionary, leg cramp, a glass of water, silence.

Ten days into the experiment I stopped masturbating. However, I did still feel the need to orgasm. I'd forced blue balls on myself because I didn't want to undergo the process to achieve the end result. I soon realized‚Äîand this might seem quite bleak and obvious, but until you've experienced it firsthand it's hard to empathize with the concept‚Äîthat using your imagination can be a bit of a chore. A chore I wasn't used to anymore.

I realize how lazy this sounds: a man who literally cannot be bothered to summon up a mental image of a naked woman. But the main problem I had was in synthesizing a sense of desire. I've been masturbating for roughly 15 years, and in this time porn has become a sad surrogate for lust‚Äîthousands of videos, most of them blurring into one image of a dick mechanically entering and exiting a vagina, helping me create what was missing. Dejected, I recognized the fact that I had rarely used my mind to orgasm in nearly a decade and a half.

Jesus, that fucking sentence.

Thankfully, this second phase slowly came to an end. The next step was a welcome return of natural desire: For the first time it was about my body, not my head. It was something I hadn't experienced before, or at least couldn't remember experiencing.

Before I quit watching porn, the pattern was as follows:

I felt like jerking off. I went on a porn site. I found a video. I jerked off.

None of the process felt organic, which is probably because it wasn't. The porn was just one step in a tedious, familiar plan, helping me to achieve something I'd already mapped out in my mind. Now it had gone back to some thought or image randomly awaking a sexual desire, me fantasizing about something, and then masturbating. Much better.

I also noticed that, for the first time, I wasn't thinking about anything in particular. Not the French couple, not the threesome in an Ikea-furnished bungalow, not the college orgy‚Äîrather about physical sensations and actually being able to appreciate them. It was more similar to sex than any of the many, many times I'd previously jerked off.

I shared my thoughts with a friend. She told me‚Äîand it was the most obvious thing in the world to her‚Äîthat when she masturbated it was rarely to a defined set of images. That it was more about creating a sensation. She also underlined something I'd never noticed before, despite having watched thousands of porn videos throughout my life.

""In 80 percent of porn there are no hands involved,"" she said.

""What do you mean no hands?""

""I mean no hands. Exactly that.""

The need to show penetration and to focus on the woman means that all the acts we associate with good sex‚Äîhands, grabbing, hugging, pulling‚Äîare eliminated in favor of getting the best angles. Sex without what makes sex great.

After that little lesson, I noticed a substantial improvement in my orgasms. Before I stopped watching porn, as I came there would be a moment when the sensation peaked, before quickly disappearing and leaving little trace. But not any more. Coming lasted for much longer. As it happened, the sensation lingered throughout my body. I felt much more involved.

If, before, I clicked on a video, skipped through it, found a scene I liked, came, and quickly closed the computer to hide my embarrassment, I was now taking my time. That sinister post-masturbatory depression was gone.

A little over a month has passed, and I've decided to continue with the no-porn jerking off policy. I don't know how long I'll last, because you can basically keep anything up for a month without it becoming too much of an issue. It's in the post-honeymoon stage that it starts to become a little more difficult, when the novelty of the challenge wears off and the power of a well-established pattern starts playing on your mind.

I reckon I'll be able to keep on going for a long while yet, but I'm also realistic about how easy it would be to slip back into it. I guess it's like smoking a cigarette after you've quit: The first couple of drags taste awful, but give it a couple more and you'll be hooked once again.",human,human-written
"We can‚Äôt believe its November already with snow gracing parts of our city. Back in October, we held our Kensington Investor Conference in downtown Toronto with updates from our team, our portfolio companies and LPs. We thought this would be a great time to rewind and look back on our 2019 year:

üëè NEW TEAM MEMBERS

For this year, we are welcoming two new faces to the team:

Matthew Cross /Vice President/Vancouver Office

/Vice President/Vancouver Office Angelo Manaloto/Associate, Business Development and Investor Relations/Toronto Office

‚ú® COMPANY FUNDS HIGHLIGHTS

Kensington Private Equity Fund is +8.3% YOY net ‚Äî We distributed approximately $16.5 million in 2019. On the direct investment side, returns were driven by Ceridian, TouchBistro, Evercommerce and Ace Hill. Among our fund investments, we also benefited from strong performances by Providence Equity, Novacap, and Trinity Hunt Partners.

Kensington Alternative Strategies Fund is +5.1% YOY ‚Äî We took home three awards this year including third place in Best 3-year Return, second place in Best 5-year Sharpe Ratio, and first place in Best 3-year Sharpe Ratio at the 2019 Canadian Hedge Fund Conference.

‚ö° PORTFOLIO HIGHLIGHTS

This year, we welcomed some new companies and new faces to our portfolio including AGNORA and Vaughn Mills.

AGNORA is a customer service company that fabricates the largest architectural glass in North America.

is a customer service company that fabricates the largest architectural glass in North America. Vaughn Mills manufactures private label hot cereal products for many North American retailer chains under their store brands.

In addition, Procurify, WorkFusion, and Avidbots was added to the portfolio for our Kensington Venture Fund and BC Tech Fund.

Within our Kensington Alternative Strategies Fund, we‚Äôve added two new faces this year: AIP Asset Management and Mondex Corporation.

üé• YEAR IN REVIEW:

‚ñ∂ KENSINGTON CAPITAL PARTNERS

JANUARY

FEBRUARY

MARCH

MAY

JUNE

JULY

AUGUST

SEPTEMBER

OCTOBER

Kensington Takes Home Three Awards from the 2019 Canadian Hedge Fund Awards at the Alternative IQ Conference

‚ñ∂Ô∏è PORTFOLIO HIGHLIGHTS/MILESTONES

Mojio Closes Oversubscribed $40M Series B Funding Round | Learn More

Closes Oversubscribed $40M Series B Funding Round | Eventbase Successfully Ran the Mobile Wold Congress 2019 Conference in Barcelona, with Over 2400 Leading Companies and Over 107,000 Attendees

Successfully Ran the Mobile Wold Congress 2019 Conference in Barcelona, with Over 2400 Leading Companies and Over 107,000 Attendees Mobile Klinik Successfully Opens Its 42nd Location in Downtown Vancouver

Successfully Opens Its 42nd Location in Downtown Vancouver Mobile Klinik Takes On a New Deal with Wal-mart Canada. | Read More

Takes On a New Deal with Wal-mart Canada. | D-Wave Systems Inc. Releases a Lower-noise D-Wave 2000Q‚Ñ¢ Processor in the Leap‚Ñ¢ Quantum Cloud Service. | Read More

Releases a Lower-noise D-Wave 2000Q‚Ñ¢ Processor in the Leap‚Ñ¢ Quantum Cloud Service. | TouchBistro and EVO Payments M√©xico Partner to Provide a Fully Integrated Point-of-Sale and Payments Solution for Restaurants | Read More

and EVO Payments M√©xico Partner to Provide a Fully Integrated Point-of-Sale and Payments Solution for Restaurants | SoundHound Inc. Partners with Hyundai to Bring First Voice-Enabled, Smart Connected SUV to India, Powered by Houndify Voice AI Platform | Read More

Partners with Hyundai to Bring First Voice-Enabled, Smart Connected SUV to India, Powered by Houndify Voice AI Platform | Mobile Klinik Announces Acquisition of Device Care+ | Read More

Announces Acquisition of Device Care+ | Sigma-i and D-Wave Announce Largest-Ever Quantum Cloud-Access Contract | Read More

Announce Largest-Ever Quantum Cloud-Access Contract | Barclaycard Partners With TouchBistro to Power Payments For Its Award-Winning Restaurant POS Solution | Read More

to Power Payments For Its Award-Winning Restaurant POS Solution | Axis Auto Announces a Strategic Partnership with Westlake Financial Services and Nowcom Corporation | Read More

Announces a Strategic Partnership with Westlake Financial Services and Nowcom Corporation | D-Wave Announces First European Leap Quantum Cloud Site | Read This

Announces First European Leap Quantum Cloud Site | Congratulations to our Portfolio Companies for Making the Globe and Mail List of Canada‚Äôs Top Growing Companies by Three-Year Revenue Growth | Read More

Here is to another year of supporting entrepreneurs with strong vision, driving innovation, and making companies stronger for the future!",human,human-written
"How Two Creative Teams Are Shaking up Salt

These repeat creators are collaborating on a magazine and design object that celebrate the historical significance of a simple but universal ingredient.

The creators of Salty, a design vessel and magazine celebrating salt.

If your holiday meal planning doesn‚Äôt require some creative accommodations for allergies and dietary restrictions, congratulations. But for many of us, these year-end times of coming together also highlight diverse dining habits.

That‚Äôs what Kristen Taylor was thinking about when she came up with the idea for Salty, a magazine and design vessel (live on Kickstarter now) that celebrates an ancient and near-universal ingredient: salt.

The Salty project includes a 100-page magazine about how salt is used around the world and a design vessel for your own table-side adventures.

‚ÄúI‚Äôve been thinking about how we do and don‚Äôt eat together as friends and as family. It‚Äôs harder because people have so many different diets ‚Äî you become allergic to something, or you don‚Äôt eat gluten, or you‚Äôre running a marathon and eat differently for a while. There are all these ways that eating together has become fragmented,‚Äù Taylor explains. ‚ÄúSo I was looking into the foods that we all need, the ways we need to eat together. And salt is universal. Our bodies need it; our brains need it to function every day.‚Äù

Taylor is the creator of the independent print magazine Saucy and an alumna of Al Jazeera, PBS, and the podcast Serial. So she knew she wanted to create a magazine telling the story of salt‚Äôs significance around the world‚Äîfrom indigenous eating habits to community salt hotels to family salt production plots (plus lots of recipes). But she also thought her project could have a deeper impact if it included a physical object for readers to use at home.

‚ÄúI got really obsessed with salt, and I wanted to make it more visible ‚Äî something that you think about all the time.‚Äù

So she called her friends Che-Wei Wang and Taylor Levy.

The husband and wife team behind the design studio CW&T are graduates of NYU‚Äôs ITP program, where Taylor used to teach. But the duo really came onto her radar when she backed their Kickstarter project for the Pen Type-A in 2011. ‚ÄúI fell in love with how they think and how they design. I‚Äôve been a superfan ever since.‚Äù

Since that first project, CW&T has launched six additional Kickstarter campaigns that solidified the studio‚Äôs reputation for making beautiful, long-lasting everyday objects. So Taylor came to them with a salty proposition: she‚Äôd research and produce a magazine, and they‚Äôd prototype and fabricate the accompanying salt vessel.

‚ÄúWe had never really thought about working in food before,‚Äù says Levy. ‚ÄúWe make things like pens and timepieces, precision machined and engineered to last multiple generations, to suggest you pay attention to what is otherwise ordinary. Salt is one of those everyday things, but if you look at it closely, it‚Äôs really quite extraordinary.‚Äù

The salt holder they designed references the nef, a small silver or golden container that was set in front of honored guests at medieval banquets. Salt was so prized at the time that nefs were typically fashioned to look like tiny, ornate replicas of sailing ships, and often featured a secret drawer for the coveted commodity.

CW&T‚Äôs take on the nef still references sailing ships, but in a much sleeker shape.

‚ÄúWhen Kristen first showed us ancient salt nefs, we were blown away ‚Äî mostly because we could never imagine something so ornate living on our table. So we iterated a ton,‚Äù explains Levy. ‚ÄúThe one thing that stayed, in a sense, was the idea of a hidden compartment. To access the salt, you swipe a disc to reveal a hole in a smooth, pill-shaped surface. What you don‚Äôt see is that below the surface, the entire body of the vessel is filled with salt.‚Äù

The design celebrates salt‚Äôs history, but also how it travels around the world‚Äîand around the table. ‚ÄúPart of the beauty of the sliding lid is that it has movement in it,‚Äù says Taylor. ‚ÄúYou pass the vessel at the table. You move it from the kitchen to the table. It‚Äôs always moving. And that‚Äôs the same thing that we were trying to bring out in the magazine. I went to six different countries and explored how salt moves in our daily lives, but also around the world.‚Äù",human,human-written
"People are more likely to find and follow you if you participate in or create content on Pinterest. The number of individuals who follow you or your boards is known as your follower count. If someone follows more than one of your boards, it will be counted as one follow. In this post we share top 3 websites with you to get pinterest followers free.

Get Pinterest Followers Free

TOP 3 Website List

AddMeFast is a social media network that will assist you in expanding your social media profile. We provide you the option of looking at who you want to like/subscribe/follow/view and skipping those who aren‚Äôt of interest to you.

GET FREE PINTEREST FOLLOWERS, REPINS AND LIKES

Pinterest is a tool for gathering and arranging things you are fond of. Thousands of people use Pinterest in their daily life and work. Tastes differ, but no matter, you will find everything you are interested in there. So hurry up to have lots of Followers, rePins and Likes via this website.

The premise appears to be simple. On your website, post interesting photographs of your product or service, pin them to Pinterest, and let the images draw visitors to your site using like4like. This link will not only bring people to your site, but it will also help you rank higher in search engines.

This is also nice website for other social media subscribers, views and likes. This website give more then 12 type of services other then pinterest.

This is also a nice website for Pinterest Followers, Repins And likes. This website is actually a link-building, SEO-tools, and social media-based SEO promotion tool that helps you grow your business while enhancing your Websites, Social Networks, Videos & Music, Blogs, Backlinks & Bookmarks. You can advertise anything you want because we connect you with other users who are looking for similar goods. Improve your search engine rankings and acquire free likes and twitter followers from people that are interested.

For Pintrest and other social media platforms this platform helps you to increase Free Likes, Page likes, Shares, Followers, Fanpages, Photo Likes and Shares, Include All Type of Post Likes & Shares.

Thanks You Dear Friends For Reading My Post

Hope My Little Struggle Helps You A Lot.",human,human-written
"But then self-doubt crept in. I started thinking of all the potential readers who would disagree with my post and rage on me in the comments.

First of all, I don‚Äôt have a degree in psychology. What if people jumped into the comments and told me I‚Äôm not qualified to write about the topic? I had seen it happen with other people‚Äôs articles on narcissism, even though I had gained considerable insight and value from what the authors wrote.

Second, there‚Äôs a school of thought that says, we should love the narcissists for their flaws, and not speak badly of them. Well, we should also love the victims. Those of us who have experience can save potential victims years of confusion and frustration. Still, though, it was an argument I didn‚Äôt care to have in the comments section of a post.

Third, I worried narcissists themselves would get on the comments and rage at me, bash me, even threaten me. By exposing who they are and how they act, I represent a threat to their way of life.

Fourth and finally, I come from the southern U.S. where every discussion seems to turn into a matter of race. Would someone claim I am using a racist term by writing about ‚ÄúWhite Knight‚Äù narcissism (as compared to the classic ‚ÄúDark Knight‚Äù type of narcissist)? I was just using the term coined by the expert, and I certainly never intended it to be racist, but I felt I had to be worried someone would interpret it that way.

How to overcome your self-doubt as a writer

Below are three strategies I used to overcome my fear of criticism. I went on to publish my article on White Knight narcissism, which has become one of my three most successful articles this month.

Your haters don‚Äôt know you; to them, you‚Äôre just a symbol

Haters, for the most part, are people who are going through life with an ax to grind. They‚Äôre going to spew their venom on someone. In this case, it just happened to be your post that supplied the necessary trigger they were seeking. If it hadn‚Äôt been you, they would have raged on someone else who unknowingly fueled their fire.

Look. If someone‚Äôs exposure to who you are is limited to a 5-minute article they read on a website, they don‚Äôt know you. Rather, you symbolize whatever perceived injustice gets them up on their soapbox.

When someone has a vast overreaction to what you have to say, they‚Äôre not telling you something about yourself ‚Äî they‚Äôre telling you something about themselves. Specifically, they‚Äôre telling you that they don‚Äôt deserve even another second of your time, so close their comment without responding, take a moment to cleanse your energy if you feel the need, and move on.

If everybody likes you, you are doing it wrong. ‚Äî Ben Michaels

What would your writing coach tell you?

What‚Äôs that? You don‚Äôt have a writing coach? Yeah, me neither. At least not one I can see.

What I‚Äôve learned to do, and what I would advise you to try as well when you encounter resistance when writing, is to imagine your best future writing self 6 to 12 months from now. Imagine the writer who has many published stories and successes under their belt. What would that version of you tell you to do?

Do you really think that future self would tell you, ‚ÄúNaaah, don‚Äôt write that, there might be one person out there somewhere who would disagree with what you have to say. You wouldn‚Äôt want to offend them.‚Äù Of course not! So step into that best future self.

Credit where credit is due: I got the idea to check in with my future writing self from If You Ask Yourself This Question Every Single Day, You‚Äôll Be Ahead of 99% by Sinem Gunel. It‚Äôs most definitely worth 4 minutes of your time if you need help getting unstuck.

Write for your biggest fans

Imagine that you have people out there who visit your profile page every day. They‚Äôve come to see if you‚Äôve posted anything new today, because they‚Äôre eager to read anything that you, one of their favorite writers, has to say.

What? You don‚Äôt have readers like that? Can you prove it?

Several times on this and other platforms, I have been pleasantly surprised to discover I did have those kinds of fans, and didn‚Äôt know it.

So why not write for them?

I‚Äôll let you in on a little secret: If you write for those fans, even if you don‚Äôt currently have them, you soon will. Your enthusiasm will be contagious and people will want to read more from you. Doesn‚Äôt that sound like a better strategy than writing for trolls and haters?

Photo by David Peterson from Pexels

In summary

Writers, like any other kind of human, are subject to bouts of self-doubt and fear of criticism. Not only is it hard to get unwarranted criticism out of your head, but it‚Äôs also easy to imagine future unwarranted criticism that can make you question whether you should publish some of your best work. Uncertainty presents the ego-driven mind an opportunity to fill in the blanks with things that could go wrong.

There are strategies, however, to silence the mind. If you worry about unwarranted criticism, realize the critics see you as a symbol and that they are commenting on themselves far more than they are you.

Learn to reach out to your best future self as a writer, to connect with that best version of yourself, and to draw on their wisdom for guidance.

Finally, imagine that you‚Äôre writing for your most dedicated fans, even if you think you don‚Äôt have any ‚Äî you may be wrong, and if you don‚Äôt currently have such fans, you will soon if you keep expressing your best self.

Thanks for reading! I have an email list you can join if you want to be notified of my future writing. By the way, if you want to read my completed piece on White Knight narcissism, here it is:",human,human-written
"Shadow Creek vs Katy | Texas High School Football Live Stream 12/26/2020 Jarkonilele ¬∑Dec 26, 2020

Shadow Creek vs Katy | Texas High School Football Live Stream 12/26/2020

Watch Here Live: http://rizkihambali.sportfb.com/hsfootball.php

Sharks

6‚Äì3

Tigers

9‚Äì1

The Katy (TX) varsity football team has a neutral playoff game vs. Shadow Creek (Pearland, TX) on Saturday, December 26 @ 1p.

Game Details: at Freedom Field

This game is a part of the ‚Äú2020 Football State Championships ‚Äî 2020 Football Conference 6A D2‚Äù tournament.",human,human-written
"One of the most persistent storylines continuing to dog the Dallas Cowboys is the notion of the December swoon. If you've been following the Cowboys headlines over the last couple of years, you'll know that the story has gained an almost mythic quality: as soon as the calendar turns to December, the Cowboys are expected to collapse.

More specifically, the Cowboys' high profile quarterback is expected to collapse come December. By now, you'll know that Tony Romo owns November but has struggled in December - or so you may have been led to believe.

It is true that Tony Romo has done exceptionally well in November. Over his career, he has accumulated a 21-4 record and a 108.5 passer rating in November. But December is a different story, right? One of the more nefarious allegations that live on like the undead in the darkest recesses of a prison compound in Georgia is that Romo sucks in December. Irrefutable fact or vicious slander?

Yesterday, our own KD Drummond pointed out via Twitter that ""Tony Romo has thrown 18 TDs & only 1 pick in his last 8 Dec games (09-current)... but you know what the meme is.""

That made me sit up, because I wasn't aware of that particular stat line. And when Carlos Mendez from the Star-Telegram replied to KD's tweet saying that he was writing a story on that exact topic for today, I decided to set the stat hound loose to sniff out the truth.

As KD pointed out, Romo has played eight full December games since 2009: four in 2009; none in 2010 as he sat out with a broken collarbone; three in 2011 (plus two pass attempts against the Eagles before injuring his throwing hand); and one more last Sunday against the Eagles. Over those 8 games and two pass attempts, Romo has thrown for 2,411 yards, 18 TDs and 1 INT on 201-for-289 passing (69.6%). That gives Romo a passer rating of 114.1 for December from 2009-2012.

Want to know how that compares to the other QBs across the league? Here you go:

December Passer Rating 2009-2012, min. 250 pass attempts QB Passer Rating CMP ATT Yds CMP% YPA TD INT Tony Romo 114.1 201 289 2,411 69.6% 8.3 18 1 Aaron Rodgers 106.1 243 388 3,265 62.6% 8.4 27 6 Tom Brady 105.7 275 425 3,432 64.7% 8.1 28 6 Philip Rivers 101.1 288 435 3,635 66.2% 8.4 23 9 Drew Brees 98.9 385 547 4,113 70.4% 7.5 30 15 Peyton Manning 95.6 214 320 2,324 66.9% 7.3 21 11 Matt Schaub 93.6 228 357 2,797 63.9% 7.8 16 8 Ben Roethlisberger 92.0 226 370 3,122 61.1% 8.4 13 7 Jason Campbell 91.2 160 251 1,890 63.7% 7.5 11 6 Joe Flacco 87.0 206 361 2,473 57.1% 6.9 22 10 Carson Palmer 85.9 275 431 3,147 63.8% 7.3 19 15 Eli Manning 85.6 265 453 3,643 58.5% 8.0 23 17 Matt Ryan 85.5 220 399 2,505 55.1% 6.3 21 6 Alex Smith 83.4 199 336 2,216 59.2% 6.6 12 6 Kyle Orton 76.5 162 278 1,806 58.3% 6.5 9 8 Josh Freeman 74.6 229 389 2,670 58.9% 6.9 14 16 Chad Henne 70.4 215 362 2,217 59.4% 6.1 9 13 Ryan Fitzpatrick 69.5 198 350 2,224 56.6% 6.4 11 14 Matt Hasselbeck 63.8 224 357 2,265 62.7% 6.3 8 21 Mark Sanchez 62.6 201 368 2,106 54.6% 5.7 9 15

Tony Romo has the best quarterback rating of any NFL quarterback in December over the last four years. That's indisputable. And just like we did in our look at QB Trifecta performances yesterday, we once again find the usual suspects (Peyton, Brees, Brady and Rodgers) at the top of the leaderboard - right behind Tony Romo.

The December meme is such a convenient hook that many pundits and fans alike have taken it at face value without giving the matter further thought. But a closer look at the stats shows that as good as Romo has been in November, over the last four years he's been even better in December.

Yet as good as Romo has been - and let's be very clear here: no QB has been better - the Cowboys only managed a paltry 4-4 record in the eight full December games Romo played from 2009-2012. That's pitiful. And it's also a clear illustration that as good as your QB may be, football is still a team game.

And just for perspective, here are some more December records, this time for QBs who had between 100 and 250 pass attempts in December between 2009 and 2012 (and are still on an NFL roster).

December Passer Rating 2009-2012, 130-250 pass attempts QB Passer Rating CMP ATT Yds CMP% YPA TD INT Cam Newton 104.8 71 127 1,032 55.9% 8.1 11 2 Matt Moore 100.6 115 199 1,583 57.8% 8.0 14 3 Matthew Stafford 99.3 147 233 1,855 63.1% 8.0 13 4 Michael Vick 91.7 132 221 1,852 59.7% 8.4 12 7 Dan Orlovsky 85.3 81 132 815 61.4% 6.2 5 2 Tarvaris Jackson 84.6 98 159 1,109 61.6% 7.0 6 4 Jay Cutler 84.5 138 242 1,747 57.0% 7.2 16 10 Brady Quinn 83.3 60 104 628 57.7% 6.0 5 2 T.J. Yates 80.8 70 115 832 60.9% 7.2 3 3 Tim Tebow 80.5 79 150 1,264 52.7% 8.4 6 5 Andy Dalton 77.2 85 148 868 57.4% 5.9 5 3 Rex Grossman 74.4 123 225 1,446 54.7% 6.4 10 8 John Skelton 71.4 116 219 1,462 53.0% 6.7 7 7 Matt Cassel 70.2 136 243 1,513 56.0% 6.2 8 9 Blaine Gabbert 68.5 71 130 751 54.6% 5.8 5 5 Sam Bradford 66.8 123 209 1,305 58.9% 6.2 1 6 Christian Ponder 66.7 74 137 803 54.0% 5.9 8 8 Colt McCoy 63.0 69 124 793 55.6% 6.4 3 6 Drew Stanton 62.7 70 123 749 56.9% 6.1 3 6 Jimmy Clausen 59.1 55 100 489 55.0% 4.9 1 3

In his story for the Star-Telegram, appropriately titled ""Romo strong in December, Cowboys not so much"", Mendez quotes Tony Romo:

""Statistics? It's about winning and losing,"" Romo said. ""Stats are just there for people to talk about. I understand that. My team does. As long as we keep winning, that's a good sign.""

So let's talk about it: The Cowboys have four more games left in December this year. They are entering those four games with a QB who has outperformed every other NFL QB down the stretch over the last four years - and that includes future HoF locks like Manning, Rodgers and Brady, as well as Dilfer-type Super Bowl winners like Roethlisberger and Eli Manning - but will it be enough?

Can and will the rest of the Cowboys play up to Romo's standards?",human,human-written
"
It's hard to convey the excitement and performance of a supercar with a piece of furniture, but John & Table has tried.
The company's Race table is made of carbon fiber, and trimmed in leather and Alcantara. So it does have something in common with quite a few high-end performance cars.
It also features a price tag worthy of a Lamborghini. The Race costs 38,800 euros, or about $52,209 at current exchange rates and--unlike an Aventador--it probably won't offer much more performance than its mainstream counterpart.
Granted, each table is custom-built in Germany to individual specifications. Perhaps it's a similar process to being measured and fitted for a custom race seat, or maybe John & Table just asks measurements of the room.
Then there's all that carbon fiber. The entire table top is made of it, which John & Table says eliminates the need for a center beam. If moving truck racing ever takes off, the teams will probably want to get a few of these.
John & Table carbon fiber office furnitureJohn & Table also offers a race-inspired carbon fiber office chair to go with its creation (also available in Sterling silver and 24-karat gold), but why stop there?
If one high-performance table isn't enough, there's always the Lamborghini desk from Polish manufacturer RETRO that looks like the front end of a Murcielago, or the one from Bugatti that looks like a robot. They might clash with your Ferrari desk chairs, though.
Soon, it just might be possible to furnish an entire house with car-themed items. That would be the fastest house on the block.
_______________________________________
Follow Motor Authority on Facebook, Twitter, and Google +.
",human,human-written
"NBA norms have been upended like virtually everything else this pandemic-plagued year. The 2020-21 NBA season is set to start Dec. 22, just two months after the conclusion of the interrupted 2019-20 season.



The number of games will be reduced again‚Äîthe league is aiming for a 72-game season running through May 16‚Äîbut teams will return to playing in their home arenas (and receive daily COVID-19 testing), with the exception of the Toronto Raptors, who will play indefinitely in Tampa, FL, due to Canada‚Äôs COVID-19 restrictions.



Updated December 16, 2020 to report all your streaming options for the 2020-21 NBA season.



Although there has been talk of teams allowing some fans back in the stands, the safest place to view games this season if from your own home. Fortunately, there are plenty of options for cable cutters to stream games. As in the past, big matchups will be broadcast nationally on ABC, ESPN/ESPN2, TNT, and NBA TV; you can get most, if not all, of these covered with a single streaming package.



Unfortunately, the same can‚Äôt be said for the regional sports networks (RSNs) that air the bulk of teams‚Äô games. Fox Sports, NBC Sports, YES Network, Marquee Sports Network, and other RSNs have been dropped from YouTube TV, Hulu With Live TV, Sling TV, and fuboTV, because of disputes with providers. If you‚Äôre mainly interested in following your local team through the season, your best bet is to determine which streaming service has an agreement with your team‚Äôs regional network and go with that one. Chances are it will also stream some or all of the cable networks mentioned above. A few teams can still be found on over-the-air channels‚Äîthe Chicago Bulls on the windy city‚Äôs WGN, for one‚Äîbut that arrangement is rapidly going the way of the two-handed set shot.



Over the air Martyn Williams/IDG Winegard‚Äôs Flatwave Amped antenna (model number FL-5500A) is one of our favorite indoor antennas.



The good news is you can access ABC for free if you have an over-the-air TV antenna (you‚Äôll find our top antenna picks here) and are within the radius of a local ABC affiliate‚Äôs broadcast tower. The bad news is the network is scheduled to air only 10 of this year‚Äôs nationally televised games. These, however, include some of the league‚Äôs marquee matchups, including three Christmas Day games: Warriors vs. Bucks, Nets vs. Celtics, and Mavericks vs. Lakers.



You can watch the remaining games with some combination of the following services.



Sling TVThe easiest way to catch many of the cable telecasts is with the Sling TV streaming service, but you‚Äôll need to pony up for a monthly subscription. For $30 per month, Sling‚Äôs Orange package will get you ESPN/ESPN 2 and TNT. With a digital antenna to catch the ABC broadcasts, that leaves only the NBA TV games to account for.



AT&T TV NowYou can also get ABC, ESPN, ESPN2 and TNT with AT&T TV Now. All you need is the basic Plus package for $55 per month. But upgrading to the $80-per-month Max package will get you those networks as well as a host of regional sports networks including NBC Sports, YES Network, MSG Network, and Fox Sports.



Hulu with Live TV and YouTube TVBoth Hulu with Live TV and YouTube TV give you access to ABC, ESPN/ESPN2, and TNT, though as with other services, the exact channel lineup varies by market. But only YouTube TV offers NBA TV, making its slightly higher monthly price‚Äî$65 per month compared to Hulu with Live TV‚Äôs $55 subscription‚Äîworth the expense for hoops fans. With only the one channel package, though, you don‚Äôt get the customizability of Sling TV or AT&T TV Now, so keep that in mind if you plan to use your subscription beyond basketball season.



Jared Newman / TechHive YouTube TV uses a small number of menu sections to make navigation easier.



FuboTVFuboTV recently added ABC and the ESPN channels to both its Family and Elite bundles. Unfortunately, it also dropped TNT, and earlier in the year, Fox Regional Sports networks. If you‚Äôre a fan of the Kings, Warriors, Lakers, or Clippers, you might want to opt for the $80-per-month Elite package as it also includes regional networks NBC Sports Bay Area and NBC Sports California. You can add NBA TV by purchasing the Sports Plus add-on for an extra $11 per month.



FuboTV Fubo has lots of appeal to sports fans, and it includes NBA TV. But your subscription won‚Äôt give you access to ABC, TNT, or ESPN.



NBA League PassIf you‚Äôre truly hardcore for the hardwood, you should consider a subscription to NBA League Pass, the league‚Äôs official streaming service. For $200 a year or $29 per month, you can watch every live out-of-market game that isn‚Äôt being broadcast nationally on one of the four networks we‚Äôve mentioned.



A League Pass subscription allows you to watch up to four games at once in HD, and it works on computers, tablets, smartphones, and streaming devices. Games originally broadcast on ESPN, TNT, and ABC are available 24 hours after completion in the video archives. You also get anytime access to a curated selection of ‚Äúclassic‚Äù games.



For $250 a year or $40 per month, you can upgrade to NBA League Pass Premium, which adds an in-arena stream during game breaks.



NBA Media Ventures, LLC. With an NBA League Pass subscription, you can stream live out-of-market games to your TV, computer, or mobile device.



NBA Team PassTwo bills is a big investment if you only want to follow your favorite team. NBA Team Pass is one less-expensive alternative. For $120 a year or $18 per month, you get access to all your squad‚Äôs local broadcasts for both home and away games.



The rub is that NBA blackout rules still apply. If you live in your team‚Äôs ‚Äúhome‚Äù market‚Äîa Warriors fan residing in the Bay Area, for example‚Äîyou still won‚Äôt be able to watch their games even with a Team Pass subscription (this goes for League Pass as well). Your team‚Äôs home market, however, isn‚Äôt necessarily defined by your town‚Äôs city limits.



In the NBA‚Äôs own words, the league determines blackout zones ‚Äúusing zip code (if watching via a satellite television provider), a combination of zip code and cable system distribution territory (if watching via a cable television provider), or by the IP address associated with your internet connection or your mobile device‚Äôs GPS coordinates.‚Äù



What that means is this isn‚Äôt a cord-cutting option for everyone. The only way to be sure of your situation is to enter your zip code in the Blackout Notice in the middle of this page before you sign up for one of the NBA subscriptions.



NBA streaming is still 50-50 ballStreaming live NBA games continues to be a mixed bag for cord-cutters. The availability of national broadcasts through streaming services gives you a courtside seat for some of the biggest matchups of the season. But local fanbases who want to follow their team continue to be left on the bench, for the most part. Until streaming options for regional sports networks become more widely available, you might want to dust off your radio.



Note: When you purchase something after clicking links in our articles, we may earn a small commission. Read our affiliate link policy for more details.",human,human-written
